{
  "orientation": "Vertical",
  "nodeLayouts": {
    "inputs": {
      "x": 290,
      "y": 42,
      "index": -1
    },
    "outputs": {
      "x": 220,
      "y": 712,
      "index": -1
    },
    "classifier": {
      "x": 353.23075584804104,
      "y": 134.29367461028096,
      "height": 75,
      "index": 0
    },
    "history_parser": {
      "x": 361.65530424439476,
      "y": 307.91468373051407,
      "height": 75,
      "index": 1
    },
    "fsi_doc_lookup": {
      "x": 331.0707504770038,
      "y": 459.29227688369554,
      "height": 75,
      "index": 2
    },
    "chat": {
      "x": 140,
      "y": 578,
      "height": 75,
      "index": 3
    }
  },
  "viewport": {
    "transformMatrix": [
      0.9590871318972716,
      0,
      0,
      0.9590871318972716,
      33.68915452568211,
      74.93187031722931
    ]
  }
}